Jour,Date,Heure,KwH Restant,Achat KwH
Mercredi,03-06-2020,18:30,500,0
Mercredi,03-06-2020,18:50,470,0
Jeudi,04-06-2020,8:00,420,0
Jeudi,04-06-2020,17:00,365,0
Vendredi,05-06-2020,8:00,310,0
Vendredi,05-06-2020,17:30,237,0
Samedi,06-06-2020,8:00,190.5,0
Samedi,06-06-2020,13:00,190.5,0
Lundi,08-06-2020,8:00,70.34,0
Lundi,08-06-2020,15:30,5,501
Mardi,09-06-2020,8:00,462.26,0
Mardi,09-06-2020,16:00,375.94,0
Mercredi,10-06-2020,8:00,308.5,0
Mercredi,10-06-2020,17:30,212.74,0
Jeudi,11-06-2020,8:30,155.46,0
Jeudi,11-06-2020,16:35,78.81,501
Vendredi,12-06-2020,8:00,507.69,0
Vendredi,12-06-2020,16:20,412.43,0
Samedi,13-06-2020,8:00,355.92,0
Samedi,13-06-2020,13:30,327.08,0
Lundi,15-06-2020,8:00,283.44,0
Lundi,15-06-2020,19:50,210.68,0
Mardi,16-06-2020,8:45,147.87,0
Mardi,16-06-2020,17:00,78.27,0
Mercredi,17-06-2020,8:00,32.51,0
Mercredi,17-06-2020,9:30,0,600
Mercredi,17-06-2020,16:30,546.49,0
Jeudi,18-06-2020,8:00,484.64,0
Jeudi,18-06-2020,16:00,385.13,0
Vendredi,19-06-2020,8:00,325.72,0
Vendredi,19-06-2020,17:15,236.1,0
Samedi,20-06-2020,8:00,182.71,0
Samedi,20-06-2020,14:00,182.65,0
Lundi,22-06-2020,9:00,47.08,0
Lundi,22-06-2020,12:00,30.49,600
Lundi,22-06-2020,18:00,568.38,0
Mardi,23-06-2020,9:00,455.06,0
Mardi,23-06-2020,17:30,370.21,0
Mercredi,24-06-2020,8:00,302.29,0
Mercredi,24-06-2020,17:00,206.3,0
Jeudi,25-06-2020,9:00,132.69,0
Jeudi,25-06-2020,18:00,45.15,0
Vendredi,26-06-2020,8:00,0.5,0
Vendredi,26-06-2020,13:30,0,600
Vendredi,26-06-2020,18:00,563.68,0
Samedi,27-06-2020,8:00,509.48,0
Samedi,27-06-2020,18:00,446.59,0
Lundi,29-06-2020,8:00,373.91,0
Lundi,29-06-2020,17:00,279.18,0
Mardi,30-06-2020,10:00,254.53,0
Mercredi,01-07-2020,8:00,156.06,0
Mercredi,01-07-2020,17:00,69.31,0
Jeudi,02-07-2020,9:00,6.75,0
Jeudi,02-07-2020,16:34,5.84,600
Vendredi,03-07-2020,8:00,537.42,0
Vendredi,03-07-2020,17:00,459.59,0
Samedi,04-07-2020,8:00,391.02,0
Samedi,04-07-2020,14:30,344.43,0
Lundi,06-07-2020,9:00,218.94,0
Lundi,06-07-2020,17:00,156.23,0
Mardi,07-07-2020,8:00,105.66,0
Mardi,07-07-2020,16:20,20.4,600
Mercredi,08-07-2020,8:30,553,0
Mercredi,08-07-2020,17:00,468.33,0
Jeudi,09-07-2020,8:00,393.8,0
Jeudi,09-07-2020,17:30,290.9,0
Vendredi,10-07-2020,9:00,206.76,0
Vendredi,10-07-2020,17:00,147.43,0
Samedi,11-07-2020,8:30,77.8,0
Samedi,11-07-2020,12:30,77.61,600
Lundi,13-07-2020,8:00,505.3,0
Lundi,13-07-2020,16:30,420.51,0
Mardi,14-07-2020,8:00,341.62,0
Mardi,14-07-2020,16:30,265.31,0
Mercredi,15-07-2020,8:00,190.43,0
Mercredi,15-07-2020,16:00,101.03,0
Jeudi,16-07-2020,8:00,38.73,0
Jeudi,16-07-2020,16:20,22.3,600
Vendredi,17-07-2020,8:00,555.41,0
Vendredi,17-07-2020,16:20,479.3,0
Samedi,18-07-2020,8:30,409.77,0
Samedi,18-07-2020,12:00,385.49,0
Dimanche,19-07-2020,12:00,303.94,0
Lundi,20-07-2020,8:00,236.7,0
Lundi,20-07-2020,16:00,162.94,0
Mardi,21-07-2020,9:00,107.33,0
Mardi,21-07-2020,16:00,40.15,0
Mercredi,22-07-2020,9:00,20,600
Mercredi,22-07-2020,18:00,578,0
Jeudi,23-07-2020,8:00,515.28,0
Jeudi,23-07-2020,17:30,411.37,0
Lundi,27-07-2020,8:00,45.4,600
Lundi,27-07-2020,17:00,556.66,0
Mardi,28-07-2020,8:00,0,0
Mercredi,29-07-2020,8:34,339.53,0
Mercredi,29-07-2020,17:07,297.24,0
Jeudi,30-07-2020,8:00,245.96,0
Jeudi,30-07-2020,16:30,182.85,0
Vendredi,31-07-2020,8:00,132.163,0
Vendredi,31-07-2020,16:00,78.24,0
Samedi,01-08-2020,8:00,28.11,600
Lundi,03-08-2020,8:00,400,0
Lundi,03-08-2020,17:00,296.8,0
Mardi,04-08-2020,8:00,215.19,0
Mardi,04-08-2020,16:30,114.3,0
Mercredi,05-08-2020,8:00,38.62,600
Mercredi,05-08-2020,17:36,547.09,0
Jeudi,06-08-2020,8:00,484.2,0
Jeudi,06-08-2020,16:40,393.66,0
Vendredi,07-08-2020,8:00,317.15,0
Vendredi,07-08-2020,17:30,223.57,0
Samedi,08-08-2020,8:00,149.35,600
Lundi,10-08-2020,9:53,601.97,0
Lundi,10-08-2020,16:30,550.04,0
Mardi,11-08-2020,8:00,483.95,0
Mardi,11-08-2020,16:40,378.71,0
Mercredi,12-08-2020,8:00,315.95,0
Mercredi,12-08-2020,17:00,226.6,0
Jeudi,13-08-2020,8:00,158.38,0
Jeudi,13-08-2020,17:31,72.24,0
Vendredi,14-08-2020,10:33,601,600
Vendredi,14-08-2020,16:43,534.73,0
Samedi,15-08-2020,8:00,471.37,0
Lundi,17-08-2020,8:00,247.6,0
Lundi,17-08-2020,17:20,157.48,0
Mardi,18-08-2020,8:30,92.5,600
Mardi,18-08-2020,16:35,598.48,0
Mercredi,19-08-2020,8:22,516.67,0
Mercredi,19-08-2020,16:20,435.48,0
Jeudi,20-08-2020,8:00,349.3,0
Vendredi,21-08-2020,8:00,212.64,0
Vendredi,21-08-2020,17:00,133.45,0
Samedi,22-08-2020,8:00,63.74,600
Samedi,22-08-2020,16:00,610.85,0
Lundi,24-08-2020,8:00,483.52,0
Lundi,24-08-2020,16:45,419.6,0
Mardi,25-08-2020,8:00,353.68,0
Mardi,25-08-2020,16:30,285.86,0
Mercredi,26-08-2020,8:00,218.95,0
Mercredi,26-08-2020,17:30,140.41,0
Jeudi,27-08-2020,8:00,77.31,0
Jeudi,27-08-2020,17:00,601.14,600
Dimanche,28-08-2020,8:00,523.05,0
Dimanche,28-08-2020,18:00,440.44,0
Samedi,29-08-2020,8:00,390.38,0
Samedi,29-08-2020,12:30,347.1,0
Lundi,31-08-2020,8:00,188.82,0
Lundi,31-08-2020,17:00,109.98,0
Mardi,01-09-2020,8:00,47.99,600
Mardi,01-09-2020,12:19,612.5,0
Mardi,01-09-2020,16:00,571.68,0
Mercredi,02-09-2020,8:00,525.4,0
Mercredi,02-09-2020,17:00,462.53,0
Jeudi,03-09-2020,8:00,415.81,0
Jeudi,03-09-2020,17:00,340.27,0
Vendredi,04-09-2020,8:00,291.26,0
Vendredi,04-09-2020,18:02,197.22,0
Samedi,05-09-2020,8:00,126.66,600
Samedi,05-09-2020,12:00,693.2,0
Lundi,07-09-2020,8:00,540.99,0
Lundi,07-09-2020,18:00,450.24,0
Mardi,08-09-2020,8:00,398.52,0
Mardi,08-09-2020,19:30,314.96,0
Mercredi,09-09-2020,8:00,263.51,0
Mercredi,09-09-2020,18:00,184.34,0
Jeudi,10-10-2020,8:00,121.86,0
Jeudi,10-11-2020,16:00,648.81,600
Vendredi,11-09-2020,8:00,569.11,0
Vendredi,11-09-2020,16:00,480.53,0
Samedi,12-09-2020,8:00,402.5,0
Samedi,12-09-2020,14:00,368.33,0
Lundi,14-09-2020,8:00,217.16,0
Lundi,14-09-2020,16:00,113.97,0
Mardi,15-09-2020,8:00,44.6,0
Mardi,15-09-2020,14:20,604.99,600
Mercredi,16-09-2020,8:00,530.58,0
Mercredi,16-09-2020,16:00,440.87,0
Jeudi,17-09-2020,8:00,363.49,0
Jeudi,17-09-2020,17:00,267.7,0
Vendredi,18-09-2020,8:00,211.31,0
Vendredi,18-09-2020,16:30,115.47,0
Samedi,19-09-2020,8:22,57.42,0
Samedi,19-09-2020,13:50,220.85,200
Lundi,21-09-2020,8:00,126.66,0
Lundi,21-09-2020,16:20,632.75,600
Mardi,22-09-2020,8:00,556.99,0
Mardi,22-09-2020,17:30,459.08,0
Mercredi,23-09-2020,8:00,371.75,0
Mercredi,23-09-2020,17:00,271.9,0
Jeudi,24-09-2020,8:00,178.35,0
Jeudi,24-09-2020,15:40,87.29,0
Vendredi,25-09-2020,8:00,3.93,0
Vendredi,25-09-2020,14:00,603.83,600
Samedi,26-09-2020,8:00,528.34,0
Samedi,26-09-2020,16:00,476.75,0
Lundi,28-09-2020,8:00,327.97,0
Lundi,28-09-2020,17:00,240.53,0
Mardi,29-09-2020,8:00,157.56,0
Mardi,29-09-2020,16:00,673.44,600
Mercredi,30-09-2020,8:00,588.07,0
Mercredi,30-09-2020,16:00,504.14,0
Jeudi,01-10-2020,8:00,418.62,0
Jeudi,01-10-2020,18:02,336.41,0
Vendredi,02-10-2020,8:00,248.78,0
Vendredi,02-10-2020,16:30,188.48,0
Samedi,03-10-2020,8:00,108.47,0
Samedi,03-10-2020,18:02,666.7,600
Lundi,05-10-2020,8:00,483.09,0
Lundi,05-10-2020,17:40,377.6,0
Mardi,06-10-2020,8:00,305.97,0
Mardi,06-10-2020,16:30,204.08,0
Mercredi,07-10-2020,8:00,133.77,0
Jeudi,08-10-2020,8:12,16.63,0
Jeudi,08-10-2020,13:00,610.64,600
Vendredi,09-10-2020,8:00,510.75,0
Vendredi,09-10-2020,16:20,418.06,0
Samedi,10-10-2020,8:00,344.48,0
Lundi,12-10-2020,8:00,182.9,0
Lundi,12-10-2020,17:00,95.87,0
Mardi,13-10-2020,8:00,52.94,0
Mardi,13-10-2020,13:30,607.39,600
Mardi,13-10-2020,16:40,574.92,0
Mercredi,14-10-2020,8:00,515.92,0
Mercredi,14-10-2020,16:30,429.52,0
Jeudi,15-10-2020,8:00,357.47,0
Jeudi,15-10-2020,17:30,254.91,0
Vendredi,16-10-2020,8:00,175.66,0
Vendredi,16-10-2020,18:02,101.41,0
Samedi,17-10-2020,8:00,33.25,0
Samedi,17-10-2020,15:30,579.75,600
Lundi,19-10-2020,8:00,428.33,0
Lundi,19-10-2020,16:30,338.72,0
Mardi,20-10-2020,8:00,270.39,0
Mardi,20-10-2020,12:00,176.07,0
Mercredi,21-10-2020,8:00,98.94,0
Mercredi,21-10-2020,16:30,624.1,600
Jeudi,22-10-2020,8:00,560.26,0
Jeudi,22-10-2020,18:02,483.7,0
Vendredi,23-10-2020,8:00,425.05,0
Vendredi,23-10-2020,16:30,344.4,0
Samedi,24-10-2020,8:00,279.87,0
Lundi,26-10-2020,8:00,102.97,0
Lundi,26-10-2020,16:00,617.93,600
Mardi,27-10-2020,8:00,542.24,0
Mardi,27-10-2020,17:00,449.05,0
Mercredi,28-10-2020,8:00,383.72,0
Mercredi,28-10-2020,16:30,314.29,0
Jeudi,29-10-2020,8:00,242.43,0
Jeudi,29-10-2020,18:02,150.01,0
Vendredi,30-10-2020,8:00,84.48,0
Vendredi,30-10-2020,16:30,33.04,0
Samedi,31-10-2020,8:00,10.05,0
Samedi,31-10-2020,12:00,608.97,600
Lundi,02-11-2020,8:00,461.48,0
Lundi,02-11-2020,16:30,424.71,0
Mardi,03-11-2020,8:00,370.71,0
Mardi,03-11-2020,16:00,304.38,0
Mercredi,04-11-2020,8:00,236.13,0
Mercredi,04-11-2020,16:20,163.39,0
Jeudi,05-11-2020,8:00,108.93,0
Jeudi,05-11-2020,16:00,647.3,600
Vendredi,06-11-2020,8:00,580.01,0
Vendredi,06-11-2020,17:00,492.44,0
Samedi,07-11-2020,8:00,422.35,0
Samedi,07-11-2020,14:00,395.4,0
Lundi,09-11-2020,8:00,227.09,0
Lundi,09-11-2020,16:20,136.55,0
Mardi,10-11-2020,8:00,53.96,0
Mardi,10-11-2020,16:20,574,600
Mercredi,11-11-2020,8:00,505.9,0
Mercredi,11-11-2020,18:02,432.11,0
Jeudi,12-11-2020,8:00,371.21,0
Jeudi,12-11-2020,16:00,294.41,0
Vendredi,13-11-2020,8:00,227.03,0
Vendredi,13-11-2020,15:30,154.6,0
Samedi,14-11-2020,8:00,57.97,0
Samedi,14-11-2020,13:30,628.46,600
Lundi,16-11-2020,8:00,487.87,0
Lundi,16-11-2020,17:00,402.32,0
Mardi,17-11-2020,8:00,348.46,0
Mardi,17-11-2020,16:00,277.63,0
Mercredi,18-11-2020,8:00,205.3,0
Mercredi,18-11-2020,16:30,141.15,0
Jeudi,19-11-2020,8:00,81.9,0
Jeudi,19-11-2020,16:00,619.15,600
Vendredi,20-11-2020,8:00,548.86,0
Vendredi,20-11-2020,16:00,490.15,0
Samedi,21-11-2020,8:00,410.02,0
Samedi,21-11-2020,17:00,372.11,0
Lundi,23-11-2020,8:00,251.48,0
Lundi,23-11-2020,18:00,150.27,0
Mardi,24-11-2020,8:00,92.88,0
Mardi,24-11-2020,17:00,613.17,600
Mercredi,25-11-2020,8:00,556.73,0
Mercredi,25-11-2020,16:00,488.54,0
Jeudi,26-11-2020,8:00,433.78,0
Jeudi,26-11-2020,16:00,342.27,0
Vendredi,27-11-2020,8:00,270.41,0
Samedi,28-11-2020,8:00,137.5,0
Samedi,28-11-2020,13:30,705.54,650
Lundi,30-11-2020,8:00,550.5,0
Lundi,30-11-2020,18:00,454.52,0
Mardi,01-12-2020,8:00,387.98,0
Mardi,01-12-2020,16:00,303.04,0
Mercredi,02-12-2020,8:00,241.19,0
Mercredi,02-12-2020,17:00,151.98,0
Jeudi,03-12-2020,8:00,93.43,0
Jeudi,03-12-2020,16:00,628.01,600
Vendredi,04-12-2020,8:00,555.62,0
Vendredi,04-12-2020,18:26,462.74,0
Samedi,05-12-2020,8:00,390.32,0
Samedi,05-12-2020,14:00,389.74,0
Lundi,07-12-2020,8:00,210.67,0
Lundi,07-12-2020,16:00,118.69,0
Mardi,08-12-2020,8:00,42.12,0
Mardi,08-12-2020,16:00,595.02,600
Mercredi,09-12-2020,8:00,534.9,0
Mercredi,09-12-2020,17:00,460.45,0
Jeudi,10-12-2020,8:00,394.98,0
Vendredi,11-12-2020,8:00,256.73,0
Vendredi,11-12-2020,16:40,162.77,0
Samedi,12-12-2020,8:00,75.86,0
Samedi,12-12-2020,13:00,650.6,600
Lundi,14-12-2020,8:00,465.5,0
Lundi,14-12-2020,16:00,372.37,0
Mardi,15-12-2020,8:00,275.75,0
Mardi,15-12-2020,16:00,177.76,0
Mercredi,16-12-2020,8:00,80.98,0
Mercredi,16-12-2020,16:00,598.68,600
Jeudi,17-12-2020,8:00,493.19,0
Jeudi,17-12-2020,16:00,406.97,0
Vendredi,18-12-2020,8:00,307.8,0
Vendredi,18-12-2020,16:00,232.47,0
Samedi,19-12-2020,8:00,161.93,0
Samedi,19-12-2020,13:00,123.95,0
Samedi,19-12-2020,16:00,111.5,0
Lundi,21-12-2020,8:00,3.65,0
Lundi,21-12-2020,17:00,559.17,600
Mardi,22-12-2020,8:00,487.13,0
Mardi,22-12-2020,16:30,391.79,0
Mercredi,23-12-2020,8:00,326.24,0
Mercredi,23-12-2020,17:00,241.38,0
Jeudi,24-12-2020,8:00,199.64,0
Jeudi,24-12-2020,14:00,25.78,0
Vendredi,25-12-2020,11:43,641.99,600
Samedi,26-12-2020,8:00,537.75,0
Samedi,26-12-2020,13:30,522.5,0
Lundi,28-12-2020,8:00,352,0
Lundi,28-12-2020,17:00,245.71,0
Mardi,29-12-2020,8:30,170.86,0
Mardi,29-12-2020,18:00,84,0
Mercredi,30-12-2020,8:00,31.75,600
Mercredi,30-12-2020,17:00,551.53,0
Jeudi,31-12-2020,8:30,483.66,0
Samedi,02-01-2021,8:00,258.55,0
Samedi,02-01-2021,17:40,214.16,0
Lundi,04-01-2021,8:00,80.95,600
Lundi,04-01-2021,16:30,605.83,0
Mardi,05-01-2021,8:00,549.78,0
Mardi,05-01-2021,16:30,476.67,0
Mercredi,06-01-2021,8:00,404.07,0
Mercredi,06-01-2021,16:30,318.22,0
Jeudi,07-01-2021,8:00,240.43,0
Jeudi,07-01-2021,16:30,147.98,0
Vendredi,08-01-2021,8:00,64.7,600
Vendredi,08-01-2021,16:13,580.2,0
Samedi,09-01-2021,8:00,503.8,0
Samedi,09-01-2021,12:00,479.15,0
Lundi,11-01-2021,8:30,305.89,0
Lundi,11-01-2021,16:40,209.5,0
Mardi,12-01-2021,8:00,125.1,0
Mardi,12-01-2021,16:30,99.62,0
Mercredi,13-01-2021,8:30,22.27,0
Mercredi,13-01-2021,16:00,618.79,600
Jeudi,14-01-2021,8:00,548.97,0
Jeudi,14-01-2021,16:00,489.79,0
Vendredi,15-01-2021,8:00,409,0
Vendredi,15-01-2021,16:00,341.99,0
Samedi,16-01-2021,11:00,254.95,0
Lundi,18-01-2021,9:00,99.15,0
Mardi,19-01-2021,8:00,34.8,0
Mardi,19-01-2021,16:00,15.95,0
Jeudi,21-01-2021,10:30,100,100
Jeudi,21-01-2021,17:30,18.36,0
Vendredi,22-01-2021,11:30,500,500
Vendredi,22-01-2021,16:00,442.65,0
Samedi,23-01-2021,8:00,380,0
Samedi,23-01-2021,12:45,335.16,0
Lundi,25-01-2021,8:00,178.5,0
Lundi,25-01-2021,16:30,685.54,600
Mardi,26-01-2021,8:00,612.97,0
Mardi,26-01-2021,16:45,536.52,0
Mercredi,27-01-2021,8:00,458.74,0
Mercredi,27-01-2021,16:30,374.1,0
Jeudi,28-01-2021,8:00,304.39,0
Jeudi,28-01-2021,18:30,211.16,0
Vendredi,29-01-2021,8:00,150.68,0
Vendredi,29-01-2021,18:02,668.25,600
Samedi,30-01-2021,8:00,584.39,0
Samedi,30-01-2021,13:00,543.08,0
Lundi,01-02-2021,8:00,362.04,0
Lundi,01-02-2021,16:30,285.56,0
Mardi,02-02-2021,8:00,220.98,0
Mardi,02-02-2021,17:00,125.23,0
Mercredi,03-02-2021,8:00,53.66,0
Mercredi,03-02-2021,17:00,570.68,600
Jeudi,04-02-2021,8:00,492.07,0
Jeudi,04-02-2021,17:00,373.23,0
Vendredi,05-02-2021,8:00,268.99,0
Vendredi,05-02-2021,16:30,181.6,0
Samedi,06-02-2021,8:00,96.23,0
Samedi,06-02-2021,15:45,651.05,600
Lundi,08-02-2021,8:00,490.58,0
Lundi,08-02-2021,17:00,405.82,0
Mardi,09-02-2021,8:00,350.28,0
Mardi,09-02-2021,18:00,288.6,0
Mercredi,10-02-2021,8:00,243.53,0
Mercredi,10-02-2021,16:00,160.75,0
Jeudi,11-02-2021,8:00,79.1,0
Jeudi,11-02-2021,16:30,608.87,600
Vendredi,12-02-2021,8:00,532.88,0
Vendredi,12-02-2021,17:00,450.02,0
Samedi,13-02-2021,8:00,369.53,0
Samedi,13-02-2021,15:00,325.5,0
Lundi,15-02-2021,8:00,136.31,0
Lundi,15-02-2021,18:00,632.02,600
Mardi,16-02-2021,8:00,565.1,0
Mardi,16-02-2021,17:00,463.02,0
Mercredi,17-02-2021,8:00,385.32,0
Mercredi,17-02-2021,16:00,281.93,0
Jeudi,18-02-2021,9:00,152.36,0
Jeudi,18-02-2021,16:15,654.14,600
Vendredi,19-02-2021,8:00,567.99,0
Vendredi,19-02-2021,16:20,469.75,0
Samedi,20-02-2021,8:20,352.53,0
Lundi,22-02-2021,8:00,55.53,0
Lundi,22-02-2021,16:45,609.02,600
Mardi,23-02-2021,8:00,526.53,0
Mardi,23-02-2021,16:00,435.22,0
Mercredi,24-02-2021,8:30,348.99,0
Mercredi,24-02-2021,16:00,245.25,0
Jeudi,25-02-2021,9:00,166.84,0
Jeudi,25-02-2021,16:30,103.25,0
Vendredi,26-02-2021,9:00,603.09,600
Vendredi,26-02-2021,17:00,507.01,0
Samedi,27-02-2021,8:00,414.03,0
Samedi,27-02-2021,12:00,376.09,0
Lundi,01-03-2021,8:00,187.17,0
Mardi,02-03-2021,9:00,183.02,0
Mardi,02-03-2021,16:00,81.01,0
Mercredi,03-03-2021,9:00,6.51,0
Mercredi,03-03-2021,13:00,606.51,600
Mercredi,03-03-2021,17:30,581.07,0
Jeudi,04-03-2021,9:00,498.01,0
Jeudi,04-03-2021,16:00,437.92,0
Vendredi,05-03-2021,8:30,350.38,0
Vendredi,05-03-2021,17:00,260.62,0
Samedi,06-03-2021,8:00,193.63,0
Samedi,06-03-2021,16:00,150.75,0
Dimanche,07-03-2021,13:00,57.96,0
Lundi,08-03-2021,8:00,2.96,0
Lundi,08-03-2021,11:40,603.09,600
Lundi,08-03-2021,17:00,574.55,0
Mardi,09-03-2021,8:30,495.13,0
Mardi,09-03-2021,18:15,406.16,0
Mercredi,10-03-2021,8:30,332.13,0
Mercredi,10-03-2021,15:00,267.97,0
Jeudi,11-03-2021,8:00,171.95,0
Jeudi,11-03-2021,16:15,100.99,0
Vendredi,12-03-2021,8:30,6.16,0
Vendredi,12-03-2021,12:00,605.86,600
Vendredi,12-03-2021,16:30,565.84,0
Samedi,13-03-2021,9:20,462.95,0
Dimanche,14-03-2021,8:00,339.33,0
Dimanche,14-03-2021,17:00,306.17,0
Lundi,15-03-2021,8:00,246.48,0
Lundi,15-03-2021,17:00,173.65,0
Mardi,16-03-2021,8:00,96.72,0
Mardi,16-03-2021,16:20,606.75,600
Mercredi,17-03-2021,8:30,526.15,0
Mercredi,17-03-2021,18:02,440.11,0
Jeudi,18-03-2021,8:15,361.67,0
Jeudi,18-03-2021,16:00,279.07,0
Vendredi,19-03-2021,8:30,189.43,0
Vendredi,19-03-2021,18:02,111.04,600
Samedi,20-03-2021,8:00,644.08,0
Lundi,21-03-2021,8:00,487.78,0
Lundi,21-03-2021,18:02,393.88,0
Mardi,22-03-2021,8:00,330.5,0
Mardi,22-03-2021,17:00,243.77,0
Mercredi,24-03-2021,8:00,176.64,0
Mercredi,24-03-2021,16:00,32.04,0
Jeudi,25-03-2021,8:00,3.31,0
Jeudi,25-03-2021,16:00,603.3,600
Vendredi,26-03-2021,8:15,521.68,0
Vendredi,26-03-2021,18:02,439.23,0
Samedi,27-03-2021,8:00,380.11,0
Lundi,29-03-2021,8:06,168.52,0
Lundi,29-03-2021,16:00,80.96,0
Mardi,30-03-2021,8:00,25.66,0
Mardi,30-03-2021,17:00,576.46,600
Mercredi,31-03-2021,8:00,498.52,0
Mercredi,31-03-2021,17:00,429.37,0
Jeudi,01-04-2021,8:00,350.25,0
Jeudi,01-04-2021,13:00,310.14,0
Vendredi,02-04-2021,9:00,232.32,0
Vendredi,02-04-2021,15:30,759.23,600
Samedi,03-04-2021,8:20,682.02,0
Samedi,03-04-2021,12:00,647.09,0
Lundi,05-04-2021,8:00,486.93,0
Mardi,06-04-2021,8:30,397.79,0
Mardi,06-04-2021,16:30,326.96,0
Mercredi,07-04-2021,8:00,260.38,0
Jeudi,08-04-2021,8:00,239.59,0
Jeudi,08-04-2021,16:30,666.11,600
Vendredi,09-04-2021,8:00,597.84,0
Vendredi,09-04-2021,16:00,514.9,0
Samedi,10-04-2021,8:20,435.74,0
Samedi,10-04-2021,14:00,386,0
Lundi,12-04-2021,8:00,210.86,0
Lundi,12-04-2021,16:40,99.76,0
Mardi,13-04-2021,8:00,7.59,0
Mardi,13-04-2021,16:30,584.6,600
Mercredi,14-04-2021,8:00,505.84,0
Mercredi,14-04-2021,16:30,411.6,0
Jeudi,15-04-2021,8:00,321.81,0
Jeudi,15-04-2021,16:00,253.18,0
Vendredi,16-04-2021,8:00,180.21,0
Vendredi,16-04-2021,16:30,106.26,0
Samedi,17-04-2021,8:08,10.52,0
Samedi,17-04-2021,12:30,605.86,600
Lundi,19-04-2021,8:00,388.77,0
Lundi,19-04-2021,17:00,276.02,0
Mardi,20-04-2021,8:00,204.23,0
Mardi,20-04-2021,18:00,27.24,0
Mercredi,21-04-2021,8:00,15.5,0
Mercredi,21-04-2021,14:00,602.17,600
Jeudi,22-04-2021,8:00,486.08,0
Jeudi,22-04-2021,,376.92,0
Vendredi,23-04-2021,8:00,300.55,0
Vendredi,23-04-2021,17:00,287.86,0
Samedi,24-04-2021,8:00,194.77,0
Samedi,24-04-2021,18:02,763.52,600
Lundi,26-04-2021,8:00,531.03,0
Lundi,26-04-2021,16:50,432.07,0
Mardi,27-04-2021,8:00,360.75,0
Mardi,27-04-2021,16:30,268.87,0
Mercredi,28-04-2021,9:50,241.33,0
Mercredi,28-04-2021,18:02,159.19,0
Jeudi,29-04-2021,10:25,108.11,0
Jeudi,29-04-2021,17:00,633.34,600
Vendredi,30-04-2021,8:00,557.12,0
Vendredi,30-04-2021,15:32,495.21,0
Samedi,01-05-2021,10:00,404.97,0
Lundi,03-05-2021,8:20,240.31,0
Lundi,03-05-2021,16:30,154.21,0
Mardi,04-05-2021,8:30,73.53,0
Mardi,04-05-2021,16:45,587.86,600
Mercredi,05-05-2021,8:00,532.25,0
Mercredi,05-05-2021,17:30,442.62,0
Jeudi,06-05-2021,8:00,390.05,0
Jeudi,06-05-2021,17:00,311.67,0
Vendredi,07-05-2021,8:00,239.71,0
Vendredi,07-05-2021,16:30,163.3,0
Samedi,08-05-2021,8:00,92.02,0
Samedi,08-05-2021,16:30,676.12,600
Lundi,10-05-2021,8:00,476.22,0
Lundi,10-05-2021,11:00,376.39,0
Mardi,11-05-2021,8:00,284.12,0
Mardi,11-05-2021,16:42,239.95,0
Mercredi,12-05-2021,8:00,155.43,0
Mercredi,12-05-2021,16:00,104.44,0
Jeudi,13-05-2021,8:00,23.01,0
Jeudi,13-05-2021,14:00,617.51,600
Vendredi,14-05-2021,8:40,506.83,0
Vendredi,14-05-2021,16:00,506.33,0
Samedi,15-05-2021,8:00,429.37,0
Lundi,17-05-2021,8:50,256.1,0
Mardi,18-05-2021,8:20,143.17,0
Mardi,18-05-2021,17:00,132.63,0
Mercredi,19-05-2021,8:33,52.17,0
Jeudi,20-05-2021,8:00,0,600
Jeudi,20-05-2021,18:20,517.94,0
Vendredi,21-05-2021,8:00,457.61,0
Vendredi,21-05-2021,18:02,348.27,0
Samedi,22-05-2021,8:00,283.28,0
Samedi,22-05-2021,14:20,237.58,0
Vendredi,28-05-2021,20:49,0,0
Jeudi,10-06-2021,15:30,600,600
Vendredi,11-06-2021,9:40,503.86,0
Vendredi,11-06-2021,16:00,501.76,0
Samedi,12-06-2021,8:30,420.99,0
Samedi,12-06-2021,13:00,374.63,0
Lundi,14-06-2021,9:00,184.41,0
Mardi,15-06-2021,8:45,98.52,0
Mercredi,16-06-2021,8:45,6.84,0
Vendredi,18-06-2021,17:00,0,600
Samedi,19-06-2021,8:00,536.71,0
Samedi,19-06-2021,12:30,494.44,0
Lundi,21-06-2021,8:10,334.12,0
Lundi,21-06-2021,17:15,247.05,0
Mardi,22-06-2021,8:30,189.28,0
Mardi,22-06-2021,17:00,113.04,0
Mercredi,23-06-2021,10:00,18.84,0
Mercredi,23-06-2021,16:30,618.01,600
Jeudi,24-06-2021,10:00,517.89,0
Jeudi,24-06-2021,18:00,418.66,0
Vendredi,25-06-2021,8:00,358.19,0
Vendredi,25-06-2021,18:02,265.12,0
Samedi,26-06-2021,8:15,188.53,0
Samedi,26-06-2021,12:15,152.91,0
Samedi,26-06-2021,14:30,743.07,600
Lundi,28-06-2021,8:00,582.54,0
Lundi,28-06-2021,16:00,489.4,0
Mardi,29-06-2021,9:30,440.4,0
Mardi,29-06-2021,16:40,327.62,0
Mercredi,30-06-2021,9:30,239.22,0
Mercredi,30-06-2021,15:40,177.83,0
Jeudi,01-07-2021,9:30,89.52,0
Jeudi,01-07-2021,16:00,89.48,0
Vendredi,02-07-2021,8:50,10.19,0
Vendredi,02-07-2021,17:30,610.13,600
Samedi,03-07-2021,9:25,529.79,0
Lundi,05-07-2021,8:20,261.18,0
Lundi,05-07-2021,18:02,160.54,0
Mardi,06-07-2021,8:10,85.48,0
Mardi,06-07-2021,16:40,663.54,600
Mercredi,07-07-2021,8:00,587.9,0
Mercredi,07-07-2021,17:30,492.25,0
Jeudi,08-07-2021,9:20,422.19,0
Jeudi,08-07-2021,16:30,353.35,0
Vendredi,09-07-2021,8:00,275.78,0
Vendredi,09-07-2021,16:00,187.65,0
Samedi,10-07-2021,9:30,108.03,0
Samedi,10-07-2021,13:40,683.39,600
Lundi,12-07-2021,8:08,485.67,0
Lundi,12-07-2021,16:45,392.49,0
Mardi,13-07-2021,8:10,309.33,0
Mercredi,14-07-2021,8:00,154,0
Mercredi,14-07-2021,16:30,660.91,600
Jeudi,15-07-2021,8:00,583.71,0
Jeudi,15-07-2021,17:00,492.36,0
Vendredi,16-07-2021,8:20,424.18,0
Vendredi,16-07-2021,16:40,419.9,0
Samedi,17-07-2021,8:30,329.49,0
Samedi,17-07-2021,13:30,290.35,0
Lundi,19-07-2021,8:25,81.11,0
Lundi,19-07-2021,15:00,602.98,600
Mardi,20-07-2021,8:00,510.5,0
Mardi,20-07-2021,16:40,409.99,0
Mercredi,21-07-2021,8:00,333.5,0
Mercredi,21-07-2021,17:00,245.65,0
Jeudi,22-07-2021,10:16,136.61,0
Jeudi,22-07-2021,16:30,134.72,0
Vendredi,23-07-2021,8:00,46.64,0
Vendredi,23-07-2021,16:00,606.98,600
Samedi,24-07-2021,8:25,518.05,0
Lundi,26-07-2021,8:00,278.58,0
Lundi,26-07-2021,16:20,176.66,0
Mardi,27-07-2021,8:00,78.29,0
Mardi,27-07-2021,16:00,6.79,0
Mercredi,28-07-2021,8:00,6.41,0
Mercredi,28-07-2021,12:45,605.28,600
Jeudi,29-07-2021,8:00,494.45,0
Jeudi,29-07-2021,16:50,414.58,0
Vendredi,30-07-2021,8:02,340.64,0
Vendredi,30-07-2021,16:30,318.13,0
Samedi,31-07-2021,8:00,246.17,0
Lundi,02-08-2021,8:00,6.48,0
Lundi,02-08-2021,13:10,606.22,600
Mardi,03-08-2021,9:20,508.36,0
Mardi,03-08-2021,18:00,418.91,0
Mercredi,04-08-2021,9:00,348.03,0
Mercredi,04-08-2021,16:10,273.4,0
Jeudi,05-08-2021,8:12,196.6,0
Jeudi,05-08-2021,17:00,112.15,0
Vendredi,06-08-2021,8:30,12.2,0
Vendredi,06-08-2021,15:30,544.02,600
Samedi,07-08-2021,8:30,466.54,0
Samedi,07-08-2021,14:30,423.16,0
Lundi,09-08-2021,8:30,182.7,0
Mardi,10-08-2021,15:50,644.35,600
Mardi,10-08-2021,17:30,630.81,0
Vendredi,13-08-2021,11:40,471.66,0
Vendredi,13-08-2021,16:00,456.62,0
Samedi,14-08-2021,8:23,374.08,0
Samedi,14-08-2021,15:15,303.75,0
Lundi,16-08-2021,8:05,199.67,0
Lundi,16-08-2021,16:30,664.57,600
Mardi,17-08-2021,8:25,578.08,0
Mardi,17-08-2021,18:00,492.22,0
Mercredi,18-08-2021,8:25,421.32,0
Mercredi,18-08-2021,17:00,331.85,0
Jeudi,19-08-2021,8:17,247.37,0
Vendredi,20-08-2021,8:30,107.65,0
Vendredi,20-08-2021,18:02,623.54,600
Samedi,21-08-2021,8:12,555.8,0
Samedi,21-08-2021,14:50,502.62,0
Lundi,23-08-2021,8:30,320.12,0
Mardi,24-08-2021,8:30,145.29,0
Mardi,24-08-2021,17:25,686.75,600
Mercredi,25-08-2021,8:14,608.24,0
Mercredi,25-08-2021,16:00,527.95,0
Jeudi,26-08-2021,8:30,433.3,0
Jeudi,26-08-2021,16:20,350.65,0
Vendredi,27-08-2021,8:30,272.43,0
Vendredi,27-08-2021,17:20,193.02,0
Samedi,28-08-2021,9:00,95.56,0
Samedi,28-08-2021,14:30,662.45,600
Lundi,30-08-2021,8:00,525.2,0
Mardi,31-08-2021,8:40,448.04,0
Mardi,31-08-2021,16:40,427.35,0
Mercredi,01-09-2021,8:40,336.68,0
Jeudi,02-09-2021,8:30,235.2,0
Jeudi,02-09-2021,18:00,130,0
Vendredi,03-09-2021,8:00,70.79,0
Samedi,04-09-2021,11:00,601.23,600
Samedi,04-09-2021,14:00,586.96,0
Lundi,06-09-2021,8:00,434.36,0
Lundi,06-09-2021,18:30,339.29,0
Mardi,07-09-2021,8:30,272.22,0
Mardi,07-09-2021,15:50,187.46,0
Mercredi,08-09-2021,8:30,99.36,0
Mercredi,08-09-2021,15:00,632.51,600
Jeudi,09-09-2021,9:00,526.36,0
Vendredi,10-09-2021,8:00,384.21,0
Samedi,11-09-2021,8:20,220.75,0
Samedi,11-09-2021,16:00,755.01,600
Lundi,13-09-2021,8:08,571.16,0
Lundi,13-09-2021,17:00,475.48,0
Mardi,14-09-2021,8:00,405.1,0
Mardi,14-09-2021,15:30,320.84,0
Mercredi,15-09-2021,8:20,218.4,0
Mercredi,15-09-2021,17:00,138.76,0
Jeudi,16-09-2021,8:00,50.5,0
Jeudi,16-09-2021,11:00,633.98,600
Jeudi,16-09-2021,17:00,560.76,0
Vendredi,17-09-2021,8:50,446.84,0
Samedi,18-09-2021,8:06,263.75,0
Samedi,18-09-2021,16:00,186.76,0
Lundi,20-09-2021,8:30,12.69,0
Lundi,20-09-2021,11:00,611.21,600
Lundi,20-09-2021,17:00,564.46,0
Mardi,21-09-2021,8:00,487.16,0
Mardi,21-09-2021,16:00,395.72,0
Mercredi,22-09-2021,15:00,194.11,0
Jeudi,23-09-2021,9:00,80.24,0
Jeudi,23-09-2021,16:00,601.06,600
Vendredi,24-09-2021,8:40,484.77,0
Lundi,27-09-2021,8:10,6.36,0
Lundi,27-09-2021,11:10,606.96,600
Lundi,27-09-2021,17:00,522.59,0
Mardi,28-09-2021,8:00,426.95,0
Mardi,28-09-2021,16:30,322.86,0
Mercredi,29-09-2021,8:00,226.66,0
Jeudi,30-09-2021,8:00,20.01,0
Jeudi,30-09-2021,14:00,618.8,600
Vendredi,01-10-2021,10:55,504.18,0
Vendredi,01-10-2021,16:30,443.01,0
Samedi,02-10-2021,9:00,345.05,0
Lundi,04-10-2021,8:30,101.45,0
Lundi,04-10-2021,15:30,616.3,600
Mardi,05-10-2021,9:00,518.2,0
Mardi,05-10-2021,17:30,410.42,0
Mercredi,06-10-2021,8:00,335.82,0
Mercredi,06-10-2021,16:30,231.72,0
Jeudi,07-10-2021,18:00,40.45,0
Vendredi,08-10-2021,15:00,600.1,600
Samedi,09-10-2021,8:00,510.87,0
Samedi,09-10-2021,12:45,465.51,0
Lundi,11-10-2021,8:20,225.65,0
Mardi,12-10-2021,8:30,49.75,0
Mardi,12-10-2021,12:30,614.79,600
Mercredi,13-10-2021,8:00,492.71,0
Mercredi,13-10-2021,15:45,404.29,0
Jeudi,14-10-2021,9:30,320.54,0
Jeudi,14-10-2021,16:30,225.14,0
Vendredi,15-10-2021,8:50,146.17,0
Vendredi,15-10-2021,18:02,651.54,600
Samedi,16-10-2021,8:00,567.65,0
Lundi,18-10-2021,9:00,393.35,0
Mardi,19-10-2021,8:40,191.62,0
Mardi,19-10-2021,17:40,81.33,0
Mercredi,20-10-2021,8:30,11.64,0
Mercredi,20-10-2021,15:30,609.14,600
Jeudi,21-10-2021,8:00,514.09,0
Jeudi,21-10-2021,17:00,426,0
Vendredi,22-10-2021,8:00,349.87,0
Vendredi,22-10-2021,16:00,264.67,0
Samedi,23-10-2021,8:00,180.54,600
Mardi,26-10-2021,8:00,204.24,0
Mardi,26-10-2021,17:20,94.99,0
Mercredi,27-10-2021,16:30,536.7,0
Jeudi,28-10-2021,8:00,449,0
Jeudi,28-10-2021,17:30,300.97,0
Vendredi,29-10-2021,8:00,258.5,0
Vendredi,29-10-2021,17:00,181.4,0
Samedi,30-10-2021,8:00,111.66,600
Lundi,01-11-2021,17:30,217.98,0
Mardi,02-11-2021,8:00,162.24,0
Mardi,02-11-2021,16:00,87.84,0
Mercredi,03-11-2021,8:00,0.57,600
Mercredi,03-11-2021,18:00,600,0
Jeudi,04-11-2021,8:00,483.86,0
Jeudi,04-11-2021,17:15,411.31,0
Vendredi,05-11-2021,8:00,353.22,0
Vendredi,05-11-2021,17:20,232.77,0
Samedi,06-11-2021,8:00,166.85,600
Samedi,06-11-2021,17:33,725.2,0
Lundi,08-11-2021,8:30,573.02,0
Lundi,08-11-2021,17:10,485.92,0
Mardi,09-11-2021,8:00,402.17,0
Mardi,09-11-2021,17:20,283.36,0
Mercredi,10-11-2021,8:12,183.67,0
Mercredi,10-11-2021,17:50,56.97,0
Jeudi,11-11-2021,12:00,601.19,600
Jeudi,11-11-2021,17:15,546.18,0
Vendredi,12-11-2021,8:20,429.89,0
Samedi,13-11-2021,8:00,303.32,0
Samedi,13-11-2021,14:00,265.99,0
Lundi,15-11-2021,8:00,61.32,600
Lundi,15-11-2021,17:30,561.6,0
Mardi,16-11-2021,8:00,466.09,0
Mardi,16-11-2021,17:30,357.5,0
Mercredi,17-11-2021,8:00,273.13,0
Mercredi,17-11-2021,17:35,147.8,0
Jeudi,18-11-2021,8:15,75.77,600
Jeudi,18-11-2021,17:00,581,0
Vendredi,19-11-2021,8:15,486.18,0
Vendredi,19-11-2021,16:50,397.74,0
Samedi,20-11-2021,8:00,319.98,0
Samedi,20-11-2021,17:00,259.79,0
Lundi,22-11-2021,8:00,51.4,600
Lundi,22-11-2021,17:00,550.8,0
Mardi,23-11-2021,8:00,465.93,0
Mardi,23-11-2021,17:40,338.57,0
Mercredi,24-11-2021,8:00,256.73,0
Mercredi,24-11-2021,16:30,139.26,0
Jeudi,25-11-2021,8:48,46.55,0
Jeudi,25-11-2021,16:00,581.71,600
Vendredi,26-11-2021,8:00,488.3,0
Vendredi,26-11-2021,17:20,397.38,0
Samedi,27-11-2021,8:00,319.35,0
Samedi,27-11-2021,15:00,250.1,0
Lundi,29-11-2021,8:00,73.52,0
Lundi,29-11-2021,17:20,610,600
Mardi,30-11-2021,8:30,489.98,0
Mardi,30-11-2021,17:15,361.91,0
Mercredi,01-12-2021,8:20,250.8,0
Mercredi,01-12-2021,17:30,121.52,0
Jeudi,02-12-2021,8:20,0,0
Jeudi,02-12-2021,12:00,600,600
Jeudi,02-12-2021,17:00,532.21,0
Vendredi,03-12-2021,8:00,417.51,0
Vendredi,03-12-2021,17:00,298.3,0
Samedi,04-12-2021,8:00,172.41,0
Samedi,04-12-2021,18:15,694.05,600
Lundi,06-12-2021,8:00,517.41,0
Lundi,06-12-2021,17:00,403.18,0
Mardi,07-12-2021,8:00,282.97,0
Mardi,07-12-2021,16:15,767.31,600
Mercredi,08-12-2021,8:00,664.68,0
Mercredi,08-12-2021,16:20,561.87,0
Jeudi,09-12-2021,8:00,465.44,0
Vendredi,10-12-2021,8:00,257.12,0
Vendredi,10-12-2021,18:02,130.96,0
Samedi,11-12-2021,8:00,20.94,0
Samedi,11-12-2021,8:40,621.7,600
Samedi,11-12-2021,13:00,577.78,0
Lundi,13-12-2021,8:00,348.48,0
Lundi,13-12-2021,18:02,232.42,0
Mardi,14-12-2021,8:05,118.83,0
Mardi,14-12-2021,18:00,603.04,600
Mercredi,15-12-2021,8:00,517.38,0
Mercredi,15-12-2021,18:02,404.17,0
Jeudi,16-12-2021,8:00,321.84,0
Jeudi,16-12-2021,17:00,221.51,0
Vendredi,17-12-2021,8:09,150.03,0
Vendredi,17-12-2021,16:50,64.88,0
Vendredi,17-12-2021,17:30,662.26,600
Samedi,18-12-2021,8:00,574.53,0
Samedi,18-12-2021,15:00,521.23,0
Lundi,20-12-2021,8:20,392.52,0
Lundi,20-12-2021,17:11,305.02,0
Mardi,21-12-2021,8:20,194.15,0
Mardi,21-12-2021,18:00,665.38,600
Mercredi,22-12-2021,8:30,557.47,0
Mercredi,22-12-2021,17:30,443.75,0
Jeudi,23-12-2021,9:00,308.48,0
Jeudi,23-12-2021,16:00,240.41,0
Vendredi,24-12-2021,8:00,146.23,0
Vendredi,24-12-2021,14:00,680.1,600
Samedi,25-12-2021,6:00,573.58,0
Samedi,25-12-2021,16:00,517.94,0
Lundi,27-12-2021,8:30,297.7,0
Lundi,27-12-2021,18:02,214.55,0
Mardi,28-12-2021,8:30,140.21,0
Mardi,28-12-2021,17:30,623.17,600
Mercredi,29-12-2021,8:25,551.96,0
Mercredi,29-12-2021,17:00,453.89,0
Jeudi,30-12-2021,8:00,361.23,0
Jeudi,30-12-2021,17:00,250.43,0
Vendredi,31-12-2021,8:00,156.21,0
Vendredi,31-12-2021,15:00,703.16,600
Lundi,03-01-2022,8:30,392.62,0
Mardi,04-01-2022,10:00,282.82,0
Mardi,04-01-2022,16:00,248.88,0
Mercredi,05-01-2022,8:20,156.84,0
Mercredi,05-01-2022,18:10,651.36,600
Jeudi,06-01-2022,8:30,565.77,0
Vendredi,07-01-2022,8:30,404.38,0
Vendredi,07-01-2022,16:20,312.63,0
Samedi,08-01-2022,8:30,213.5,0
Samedi,08-01-2022,16:00,677.03,600
Lundi,10-01-2022,9:00,430.59,0
Lundi,10-01-2022,18:02,325.67,0
Mardi,11-01-2022,8:00,200.55,0
Mardi,11-01-2022,17:00,666.57,600
Mercredi,12-01-2022,8:30,588.88,0
Mercredi,12-01-2022,17:00,488.07,0
Jeudi,13-01-2022,8:20,403.84,0
Jeudi,13-01-2022,18:00,312.74,0
Vendredi,14-01-2022,8:30,235.88,0
Vendredi,14-01-2022,17:00,810.88,600
Samedi,15-01-2022,11:15,702.14,0
Lundi,17-01-2022,12:30,407.06,0
Mardi,18-01-2022,11:00,246.31,0
Mardi,18-01-2022,17:30,682.96,600
Mercredi,19-01-2022,9:30,596.95,0
Mercredi,19-01-2022,17:20,523.79,0
Jeudi,20-01-2022,9:20,450.92,0
Jeudi,20-01-2022,16:00,341.53,0
Vendredi,21-01-2022,9:00,240.94,0
Vendredi,21-01-2022,15:45,707.22,600
Samedi,22-01-2022,16:00,555.84,0
Lundi,24-01-2022,8:30,366.85,0
Lundi,24-01-2022,17:20,254.87,0
Mardi,25-01-2022,8:20,164.44,0
Mardi,25-01-2022,17:30,634.75,600
Mercredi,26-01-2022,9:00,557.87,0
Mercredi,26-01-2022,16:30,461.44,0
Jeudi,27-01-2022,8:00,373.53,0
Jeudi,27-01-2022,17:00,264.96,0
Vendredi,28-01-2022,8:20,154.1,0
Vendredi,28-01-2022,18:20,659.58,600
Samedi,29-01-2022,8:30,565.59,0
Samedi,29-01-2022,12:00,519.84,0
Lundi,31-01-2022,8:30,300.65,0
Mardi,01-02-2022,8:00,123.91,0
Mardi,01-02-2022,17:00,621.54,600
Mercredi,02-02-2022,8:30,533.53,0
Mercredi,02-02-2022,16:30,433.6,0
Jeudi,03-02-2022,17:00,253.86,0
Vendredi,04-02-2022,8:00,153.15,0
Vendredi,04-02-2022,17:00,642.91,600
Samedi,05-02-2022,8:20,552.22,0
Samedi,05-02-2022,12:30,506.12,0
Lundi,07-02-2022,16:30,201.63,0
Mardi,08-02-2022,8:30,108.77,0
Mercredi,09-02-2022,8:00,601.62,600
Mercredi,09-02-2022,16:30,503.97,0
Jeudi,10-02-2022,9:00,338.97,0
Jeudi,10-02-2022,16:00,243.84,0
Vendredi,11-02-2022,8:00,128.7,0
Vendredi,11-02-2022,17:00,616.92,600
Samedi,12-02-2022,8:30,540.43,0
Samedi,12-02-2022,14:00,494.8,0
Lundi,14-02-2022,8:00,291.76,0
Lundi,14-02-2022,17:00,185,0
Mardi,15-02-2022,8:00,97.89,0
Mardi,15-02-2022,17:30,627.09,600
Mercredi,16-02-2022,8:00,533.73,0
Mercredi,16-02-2022,18:02,430.25,0
Jeudi,17-02-2022,8:00,352.59,0
Jeudi,17-02-2022,19:00,239.07,0
Vendredi,18-02-2022,8:00,190.03,0
Vendredi,18-02-2022,16:00,677.68,600
Samedi,19-02-2022,12:00,554.61,0
Lundi,21-02-2022,8:00,298.77,0
Lundi,21-02-2022,18:00,181,0
Mardi,22-02-2022,8:15,110.17,0
Mardi,22-02-2022,17:45,623.33,600
Mercredi,23-02-2022,8:00,533.42,0
Mercredi,23-02-2022,18:02,423.51,0
Jeudi,24-02-2022,8:00,355.79,0
Jeudi,24-02-2022,16:00,280.6,0
Vendredi,25-02-2022,9:50,154.8,0
Vendredi,25-02-2022,16:00,670.14,600
Samedi,26-02-2022,8:30,661.46,0
Dimanche,27-02-2022,9:00,521.98,0
Lundi,28-02-2022,8:00,414.19,0
Mardi,01-03-2022,8:00,232.9,0
Mardi,01-03-2022,17:30,621.56,500
Mercredi,02-03-2022,8:20,522.19,0
Mercredi,02-03-2022,14:00,542.61,100
Jeudi,03-03-2022,8:20,419.99,0
Jeudi,03-03-2022,18:00,305.1,0
Vendredi,04-03-2022,8:00,191.22,0
Vendredi,04-03-2022,16:20,690.72,600
Samedi,05-03-2022,8:00,588.41,0
Samedi,05-03-2022,14:00,543.55,0
Lundi,07-03-2022,8:10,325.64,0
Mardi,08-03-2022,8:00,120.4,0
Mardi,08-03-2022,18:02,13.2,0
Mercredi,09-03-2022,9:00,612.28,600
Mercredi,09-03-2022,16:30,515.1,0
Jeudi,10-03-2022,8:00,422.39,0
Jeudi,10-03-2022,12:00,368.32,0
Jeudi,10-03-2022,16:20,324.59,0
Vendredi,11-03-2022,8:26,220.26,0
Vendredi,11-03-2022,17:20,684.46,600
Samedi,12-03-2022,8:15,585.83,0
Samedi,12-03-2022,13:00,536.73,0
Lundi,14-03-2022,10:30,307.67,0
Lundi,14-03-2022,17:30,204.52,0
Mardi,15-03-2022,9:00,123.86,0
Mardi,15-03-2022,18:02,639.91,600
Mercredi,16-03-2022,8:00,547.93,0
Mercredi,16-03-2022,16:30,434.93,0
Jeudi,17-03-2022,9:00,361.66,0
Jeudi,17-03-2022,18:02,258.31,0
Lundi,25-04-2022,17:00,223.25,0
Mardi,26-04-2022,8:15,122.92,0
Mardi,26-04-2022,15:45,635.45,600
Mercredi,27-04-2022,9:30,527.88,0
Mercredi,27-04-2022,18:00,440.89,0
Jeudi,28-04-2022,8:30,352.32,0
Jeudi,28-04-2022,16:00,254.37,0
Vendredi,29-04-2022,9:00,140.99,0
Vendredi,29-04-2022,15:00,680.51,600
Samedi,30-04-2022,8:45,558.68,0
Lundi,02-05-2022,8:00,288.46,0
Lundi,02-05-2022,17:50,173.28,0
Mardi,03-05-2022,8:00,85.02,0
Mardi,03-05-2022,13:45,618.19,600
Mercredi,04-05-2022,8:00,467.57,0
Mercredi,04-05-2022,16:00,366.38,0
Jeudi,05-05-2022,8:30,247.27,0
Jeudi,05-05-2022,16:20,159.51,0
Vendredi,06-05-2022,9:00,68,0
Vendredi,06-05-2022,12:45,619.04,600
Samedi,07-05-2022,8:00,507.7,0
Lundi,09-05-2022,8:00,231.1,0
Lundi,09-05-2022,16:40,133.56,0
Mardi,10-05-2022,8:20,36.78,0
Mardi,10-05-2022,10:30,615.13,600
Mardi,10-05-2022,16:34,545.16,0
Mercredi,11-05-2022,8:00,457.79,0
Mercredi,11-05-2022,17:00,357.13,0
Jeudi,12-05-2022,9:40,238.63,0
Jeudi,12-05-2022,17:00,155.53,0
Vendredi,13-05-2022,8:15,93.5,0
Vendredi,13-05-2022,14:30,650.12,600
Samedi,14-05-2022,8:30,514.54,0
Lundi,16-05-2022,8:00,185.65,0
Lundi,16-05-2022,15:15,513.1,400
Mardi,17-05-2022,8:00,414.52,0
Mardi,17-05-2022,17:30,339.25,0
Mercredi,18-05-2022,8:00,240.13,0
Mercredi,18-05-2022,18:00,162.6,0
Jeudi,19-05-2022,9:00,76.09,0
Jeudi,19-05-2022,15:30,606.33,600
Vendredi,20-05-2022,8:00,483.16,0
Samedi,21-05-2022,8:00,361.71,0
Lundi,23-05-2022,8:30,94.82,0
Lundi,23-05-2022,17:00,603.62,600
Mardi,24-05-2022,8:00,503.74,0
Mardi,24-05-2022,17:20,391.71,0
Mercredi,25-05-2022,8:15,309.1,0
Mercredi,25-05-2022,16:45,209.19,0
Jeudi,26-05-2022,8:20,121.2,0
Jeudi,26-05-2022,15:30,630.36,600
Vendredi,27-05-2022,8:45,492.81,0
Vendredi,27-05-2022,15:00,413.36,0
Samedi,28-05-2022,8:00,296.55,0
Samedi,28-05-2022,14:00,226,0
Lundi,30-05-2022,8:00,3.89,0
Lundi,30-05-2022,12:45,603.34,600
Mardi,31-05-2022,8:30,441.6,0
Mardi,31-05-2022,17:30,334.74,0
Mercredi,01-06-2022,9:00,220.34,0
Jeudi,02-06-2022,8:00,38.43,0
Jeudi,02-06-2022,11:15,610.57,600
Vendredi,03-06-2022,8:24,453.59,0
Vendredi,03-06-2022,17:45,327.2,0
Samedi,04-06-2022,9:00,217.02,0
Lundi,06-06-2022,18:00,601.18,600
Mardi,07-06-2022,10:00,488.71,0
Mardi,07-06-2022,18:02,393.62,0
Mercredi,08-06-2022,8:10,281.19,0
Mercredi,08-06-2022,17:30,212.24,0
Jeudi,09-06-2022,9:20,111.11,0
Jeudi,09-06-2022,16:30,108.12,0
Vendredi,10-06-2022,10:45,600,600
Vendredi,10-06-2022,16:30,510.38,0
Samedi,11-06-2022,9:30,407.55,0
Samedi,11-06-2022,13:00,374.67,0
Lundi,13-06-2022,8:00,181.73,0
Lundi,13-06-2022,16:00,153.54,0
Mardi,14-06-2022,8:15,23.08,0
Mardi,14-06-2022,12:00,601.87,600
Mardi,14-06-2022,16:30,535.21,0
Mercredi,15-06-2022,8:30,434.61,0
Mercredi,15-06-2022,16:00,330.38,0
Jeudi,16-06-2022,8:30,220.91,0
Jeudi,16-06-2022,16:00,114.72,0
Vendredi,17-06-2022,11:50,600,600
Vendredi,17-06-2022,16:30,553.41,0
Samedi,18-06-2022,9:15,408.28,0
Samedi,18-06-2022,13:00,348.28,0
Lundi,20-06-2022,8:00,162.29,0
Lundi,20-06-2022,16:00,50.222,0
Mardi,21-06-2022,10:10,701.39,700
Mardi,21-06-2022,16:00,624.17,0
Mercredi,22-06-2022,8:00,520.32,0
Mercredi,22-06-2022,16:45,411.9,0
Jeudi,23-06-2022,8:30,311.8,0
Jeudi,23-06-2022,16:00,205.18,0
Vendredi,24-06-2022,8:00,95.08,0
Vendredi,24-06-2022,15:20,704.25,700
Samedi,25-06-2022,8:30,590.98,0
Samedi,25-06-2022,13:00,540.7,0
Samedi,25-06-2022,16:30,509.36,0
Lundi,27-06-2022,8:00,323.1,0
Lundi,27-06-2022,16:00,264.63,0
Mardi,28-06-2022,8:45,149.73,0
Mardi,28-06-2022,15:20,759.23,700
Mercredi,29-06-2022,8:30,625.02,0
Mercredi,29-06-2022,16:00,530.6,0
Jeudi,30-06-2022,8:00,422.25,0
Jeudi,30-06-2022,16:00,361.01,0
Vendredi,01-07-2022,8:30,250,0
Vendredi,01-07-2022,15:00,858.54,700
Samedi,02-07-2022,8:00,756.87,0
Samedi,02-07-2022,16:00,701.02,0
Lundi,04-07-2022,8:00,495.35,0
Lundi,04-07-2022,16:30,375.25,0
Mardi,05-07-2022,8:00,265.15,0
Mardi,05-07-2022,18:02,239.51,0
Mercredi,06-07-2022,9:45,117.42,0
Mercredi,06-07-2022,17:20,614.53,600
Jeudi,07-07-2022,9:30,501.71,0
Jeudi,07-07-2022,17:45,395.41,0
Vendredi,08-07-2022,8:30,313.7,0
Vendredi,08-07-2022,18:02,911.24,700
Samedi,09-07-2022,11:00,806.61,0
Samedi,09-07-2022,16:00,756.4,0
Lundi,11-07-2022,8:00,486.47,0
Lundi,11-07-2022,17:50,364.41,0
Mardi,12-07-2022,8:10,268.89,0
Mardi,12-07-2022,16:30,142.18,0
Mercredi,13-07-2022,8:20,29.61,0
Mercredi,13-07-2022,9:50,716.48,700
Mercredi,13-07-2022,16:00,625.61,0
Lundi,25-07-2022,8:30,580.65,0
Lundi,25-07-2022,16:30,453.72,0
Mardi,26-07-2022,8:35,351.15,0
Mardi,26-07-2022,13:20,941.71,700
Mardi,26-07-2022,17:30,881.17,0
Mercredi,27-07-2022,8:50,793.14,0
Mercredi,27-07-2022,18:00,655.77,0
Jeudi,28-07-2022,9:10,527.91,0
Jeudi,28-07-2022,17:20,446.16,0
Vendredi,29-07-2022,8:45,371.45,0
Samedi,30-07-2022,9:00,250.05,0
Samedi,30-07-2022,13:00,858.99,700
Lundi,01-08-2022,9:20,603.73,0
Lundi,01-08-2022,16:13,485.98,0
Mardi,02-08-2022,8:30,375.74,0
Mardi,02-08-2022,16:45,245.74,0
Mercredi,03-08-2022,8:00,135.87,0
Mercredi,03-08-2022,16:00,715.84,700
Jeudi,04-08-2022,8:30,588.22,0
Jeudi,04-08-2022,17:00,485.69,0
Vendredi,05-08-2022,10:00,381.39,0
Vendredi,05-08-2022,18:02,250.42,0
Samedi,06-08-2022,10:10,129.81,0
Samedi,06-08-2022,16:15,774.47,700
Lundi,08-08-2022,8:50,474.21,0
Lundi,08-08-2022,17:30,368.42,0
Mardi,09-08-2022,8:00,317.14,0
Mardi,09-08-2022,16:40,222.21,0
Mercredi,10-08-2022,8:27,83.13,0
Mercredi,10-08-2022,13:00,705.57,700
Jeudi,11-08-2022,8:20,604.72,0
Jeudi,11-08-2022,16:45,493.78,0
Vendredi,12-08-2022,8:00,396.46,0
Vendredi,12-08-2022,15:00,979.98,700
Samedi,13-08-2022,8:00,865.45,0
Samedi,13-08-2022,11:45,823.64,0
Lundi,15-08-2022,8:15,431.14,0
Lundi,15-08-2022,18:30,269.97,0
Mardi,16-08-2022,11:45,780.17,500
Mardi,16-08-2022,16:00,883.64,200
Mercredi,17-08-2022,9:15,759.18,0
Mercredi,17-08-2022,18:00,665.31,0
Jeudi,18-08-2022,8:15,558.78,0
Jeudi,18-08-2022,17:30,445.04,0
Vendredi,19-08-2022,8:30,317.84,0
Vendredi,19-08-2022,16:00,913.99,700
Samedi,20-08-2022,9:25,766.22,0
Samedi,20-08-2022,15:00,718.4,0
Lundi,22-08-2022,11:00,369.73,0
Lundi,22-08-2022,17:20,302.46,0
Mardi,23-08-2022,8:33,191.56,0
Mardi,23-08-2022,14:00,815.26,700
Mercredi,24-08-2022,8:20,643.94,0
Mercredi,24-08-2022,17:00,533.36,0
Jeudi,25-08-2022,18:15,448.72,0
Vendredi,26-08-2022,8:00,377.78,0
Vendredi,26-08-2022,16:30,285.31,0
Samedi,27-08-2022,8:30,170.02,0
Samedi,27-08-2022,12:30,829.64,800
Lundi,29-08-2022,8:00,588.03,0
Lundi,29-08-2022,18:00,472.63,0
Mardi,30-08-2022,8:00,385.99,0
Mardi,30-08-2022,17:00,991.63,700
Mercredi,31-08-2022,8:00,862.33,0
Mercredi,31-08-2022,16:00,790.92,0
Jeudi,01-09-2022,9:40,650.75,0
Jeudi,01-09-2022,17:00,562.23,0
Vendredi,02-09-2022,8:30,453.62,0
Vendredi,02-09-2022,16:30,1053.34,700
Samedi,03-09-2022,9:50,918.96,0
Samedi,03-09-2022,16:00,857.41,0
Lundi,05-09-2022,8:00,563.25,0
Lundi,05-09-2022,18:30,420.23,0
Mardi,06-09-2022,17:20,327.94,0
Mercredi,07-09-2022,9:40,171.94,0
Mercredi,07-09-2022,14:45,861.43,700
Jeudi,08-09-2022,8:30,766.51,0
Jeudi,08-09-2022,17:50,653.02,0
Vendredi,09-09-2022,8:30,517.7,0
Samedi,10-09-2022,8:00,282.05,0
Samedi,10-09-2022,9:15,972.59,700
Samedi,10-09-2022,14:00,924.31,0
Lundi,12-09-2022,8:15,655.54,0
Lundi,12-09-2022,18:15,544.49,0
Mardi,13-09-2022,8:30,442.97,0
Mardi,13-09-2022,14:00,1117.27,700
Mercredi,14-09-2022,8:40,939.75,0
Jeudi,15-09-2022,8:00,656.2,0
Jeudi,15-09-2022,18:00,526.2,0
Vendredi,16-09-2022,8:40,401.2,0
Vendredi,16-09-2022,16:30,961.2,700
Samedi,17-09-2022,8:35,851.1,0
Samedi,17-09-2022,15:45,741.1,0
Lundi,19-09-2022,8:15,426,0
Lundi,19-09-2022,18:00,135,0
Mardi,20-09-2022,8:40,291.14,0
Mardi,20-09-2022,16:40,890.14,700
Mercredi,21-09-2022,8:00,761.15,0
Mercredi,21-09-2022,18:00,538.14,0
Jeudi,22-09-2022,8:10,408.15,0
Jeudi,22-09-2022,17:15,263.15,0
Vendredi,23-09-2022,9:00,138.16,0
Vendredi,23-09-2022,16:00,720.4,700
Samedi,24-09-2022,8:30,590.41,0
Lundi,26-09-2022,8:00,68.27,0
Lundi,26-09-2022,14:00,701.07,700
Mardi,27-09-2022,9:11,517.18,0
Mardi,27-09-2022,17:10,426.35,0
Mercredi,28-09-2022,8:00,333.15,0
Mercredi,28-09-2022,18:30,222.12,0
Jeudi,29-09-2022,8:30,118.14,0
Jeudi,29-09-2022,16:30,788.04,700
Vendredi,30-09-2022,11:10,630.22,0
Vendredi,30-09-2022,18:40,567.19,0
Samedi,01-10-2022,8:30,429.44,0
Lundi,03-10-2022,8:32,6.12,0
Lundi,03-10-2022,11:35,703.4,700
Lundi,03-10-2022,16:45,634.21,0
Mardi,04-10-2022,8:30,478.98,0
Mardi,04-10-2022,17:22,376.16,0
Mercredi,05-10-2022,8:40,222.62,0
Mercredi,05-10-2022,17:00,148.61,0
Jeudi,06-10-2022,11:00,701.99,700
Jeudi,06-10-2022,18:00,603.69,0
Vendredi,07-10-2022,8:30,450.11,0
Vendredi,07-10-2022,15:27,339.18,0
Samedi,08-10-2022,8:30,147.98,0
Samedi,08-10-2022,12:30,501.17,400
Samedi,08-10-2022,16:50,464.41,0
Dimanche,09-10-2022,7:05,363.64,0
Lundi,10-10-2022,8:20,187.22,0
Lundi,10-10-2022,17:00,750.58,700
Mardi,11-10-2022,9:00,585.81,0
Mardi,11-10-2022,16:35,486.66,0
Mercredi,12-10-2022,9:00,320.35,0
Jeudi,13-10-2022,8:30,116.18,0
Jeudi,13-10-2022,13:00,753.39,700
Jeudi,13-10-2022,18:30,677.4,0
Vendredi,14-10-2022,8:30,587.52,0
Vendredi,14-10-2022,16:50,496.74,0
Samedi,15-10-2022,8:30,365.94,0
Lundi,17-10-2022,8:50,65.7,0
Lundi,17-10-2022,12:30,724.35,700
Lundi,17-10-2022,16:00,682.63,0
Mardi,18-10-2022,8:55,513.29,0
Mardi,18-10-2022,17:05,396.22,0
Mercredi,19-10-2022,9:33,254.18,0
Mercredi,19-10-2022,16:30,243.23,0
Jeudi,20-10-2022,8:20,105.52,0
Jeudi,20-10-2022,16:30,88.56,0
Vendredi,21-10-2022,10:50,701.34,700
Samedi,22-10-2022,8:40,502.59,0
Samedi,22-10-2022,10:00,430.13,0
Lundi,24-10-2022,8:25,78.94,0
Lundi,24-10-2022,13:15,713.41,700
Lundi,24-10-2022,16:00,680.89,0
Mardi,25-10-2022,9:15,503.12,0
Mardi,25-10-2022,16:15,416.81,0
Mercredi,26-10-2022,8:30,263.88,0
Mercredi,26-10-2022,18:20,170.81,0
Jeudi,27-10-2022,8:30,44.02,0
Jeudi,27-10-2022,12:15,708.55,700
Jeudi,27-10-2022,17:20,650.58,0
Vendredi,28-10-2022,9:00,543.26,0
Vendredi,28-10-2022,18:00,473.62,0
Samedi,29-10-2022,8:50,380.24,0
Samedi,29-10-2022,16:00,349.39,0
Dimanche,30-10-2022,18:00,223.17,0
Lundi,31-10-2022,9:00,97.62,0
Lundi,31-10-2022,13:00,724.96,700
Mardi,01-11-2022,9:20,466.87,0
Mardi,01-11-2022,18:00,348.65,0
Mercredi,02-11-2022,8:50,202.82,0
Jeudi,03-11-2022,12:20,701.14,700
Jeudi,03-11-2022,16:18,636.18,0
Vendredi,04-11-2022,8:21,433.3,0
Samedi,05-11-2022,8:30,249.33,0
Samedi,05-11-2022,12:40,192.26,0
Dimanche,06-11-2022,12:20,71.24,0
Lundi,07-11-2022,12:30,801.54,800
Lundi,07-11-2022,16:00,759.12,0
Mardi,08-11-2022,16:00,529.92,0
Mercredi,09-11-2022,9:00,338,0
Mercredi,09-11-2022,18:30,177.84,0
Jeudi,10-11-2022,8:22,51.02,0
Jeudi,10-11-2022,16:30,801.1,800
Vendredi,11-11-2022,8:00,635.86,0
Vendredi,11-11-2022,8:30,585.86,0
Samedi,12-11-2022,10:00,434.33,0
Samedi,12-11-2022,12:15,400.09,0
Lundi,14-11-2022,10:36,801.59,801.59
Lundi,14-11-2022,17:09,698.27,0
Mardi,15-11-2022,8:10,582.45,0
Mardi,15-11-2022,16:30,463.01,0
Mardi,15-11-2022,18:00,445,0
Mercredi,16-11-2022,8:20,338.88,0
Mercredi,16-11-2022,17:00,223.83,0
Jeudi,17-11-2022,8:00,105.33,0
Jeudi,17-11-2022,16:00,839.4,800
Vendredi,18-11-2022,8:20,673.04,0
Vendredi,18-11-2022,18:20,543.79,0
Samedi,19-11-2022,8:15,429.09,0
Lundi,21-11-2022,11:20,801.74,800
Mardi,22-11-2022,8:30,673.15,0
Mardi,22-11-2022,19:00,523.18,0
Mercredi,23-11-2022,8:00,439.34,0
Mercredi,23-11-2022,16:40,399.06,0
Jeudi,24-11-2022,8:20,208.62,0
Jeudi,24-11-2022,16:45,90.84,0
Vendredi,25-11-2022,16:30,801.44,800
Samedi,26-11-2022,8:00,609.52,0
Samedi,26-11-2022,14:40,524.1,0
Lundi,28-11-2022,8:15,182.66,0
Lundi,28-11-2022,14:00,912.22,801.54
Mardi,29-11-2022,8:25,667.56,0
Mardi,29-11-2022,17:20,552.17,0
Mercredi,30-11-2022,9:00,401.83,0
Mercredi,30-11-2022,17:40,290.58,0
Jeudi,01-12-2022,8:20,148.1,0
Jeudi,01-12-2022,12:40,887.37,800.1
Jeudi,01-12-2022,17:25,825.45,0
Vendredi,02-12-2022,9:00,627.84,0
Vendredi,02-12-2022,16:00,575.19,0
Samedi,03-12-2022,15:20,325.55,0
Lundi,05-12-2022,16:30,809.77,800
Mardi,06-12-2022,8:45,663.74,0
Mardi,06-12-2022,16:00,572.29,0
Mercredi,07-12-2022,8:25,423.15,0
Mercredi,07-12-2022,17:30,328.75,0
Jeudi,08-12-2022,8:20,179.5,0
Jeudi,08-12-2022,16:00,879.32,800
Vendredi,09-12-2022,9:00,696.98,0
Vendredi,09-12-2022,17:00,599.56,0
Samedi,10-12-2022,9:00,448.3,0
Lundi,12-12-2022,9:00,88.54,0
Lundi,12-12-2022,11:40,833.34,800
Lundi,12-12-2022,16:30,785.69,0
Mardi,13-12-2022,8:15,614.39,0
Mercredi,14-12-2022,8:40,393.31,0
Mercredi,14-12-2022,17:00,280.77,0
Jeudi,15-12-2022,8:20,118.94,0
Jeudi,15-12-2022,13:50,843.87,800
Jeudi,15-12-2022,17:20,804.64,0
Vendredi,16-12-2022,8:40,644.45,0
Vendredi,16-12-2022,16:00,551.73,0
Samedi,17-12-2022,8:25,450.2,0
Lundi,19-12-2022,8:15,59.2,0
Lundi,19-12-2022,16:30,817.19,800
Mardi,20-12-2022,8:15,634.44,0
Mardi,20-12-2022,16:25,516.12,0
Mercredi,21-12-2022,8:15,372.5,0
Jeudi,22-12-2022,9:35,217.57,0
Jeudi,22-12-2022,17:40,161.93,0
Vendredi,23-12-2022,8:25,38.05,0
Vendredi,23-12-2022,10:05,810.01,800
Vendredi,23-12-2022,16:25,701.21,0
Samedi,24-12-2022,8:45,543.93,0
Samedi,24-12-2022,14:45,476.93,0
Lundi,26-12-2022,8:45,105.31,0
Lundi,26-12-2022,13:40,48.08,0
Lundi,26-12-2022,15:50,832.51,800
Mardi,27-12-2022,9:00,672.98,0
Mardi,27-12-2022,16:45,538.75,0
Mercredi,28-12-2022,9:00,471.63,0
Mercredi,28-12-2022,16:40,367.99,0
Jeudi,29-12-2022,8:10,240.04,0
Jeudi,29-12-2022,17:00,174.3,0
Vendredi,30-12-2022,8:20,35.25,0
Vendredi,30-12-2022,9:30,817.07,800
Vendredi,30-12-2022,17:00,723.48,0
Samedi,31-12-2022,13:15,548.54,0
Lundi,02-01-2023,8:00,221.02,0
Lundi,02-01-2023,16:45,118.2,0
Mardi,03-01-2023,8:00,7.98,0
Mardi,03-01-2023,15:45,808.98,800
Mercredi,04-01-2023,13:00,655.05,0
Jeudi,05-01-2023,9:40,518.19,0
Jeudi,05-01-2023,16:50,445.76,0
Vendredi,06-01-2023,8:15,324.84,0
Vendredi,06-01-2023,16:20,1023.08,800
Samedi,07-01-2023,8:10,898.64,0
Samedi,07-01-2023,14:15,848.07,0
Lundi,09-01-2023,8:15,651.09,0
Lundi,09-01-2023,17:50,522.34,0
Mardi,10-01-2023,8:15,389.77,0
Mardi,10-01-2023,18:00,252.03,0
Mercredi,11-01-2023,8:20,151.54,0
Mercredi,11-01-2023,9:05,941.95,800
Mercredi,11-01-2023,16:45,846.35,0
Jeudi,12-01-2023,8:00,719.44,0
Jeudi,12-01-2023,17:30,618.79,0
Vendredi,13-01-2023,8:25,515.68,0
Vendredi,13-01-2023,14:00,1236.93,800
Vendredi,13-01-2023,17:00,1198.58,0
Samedi,14-01-2023,8:33,1058.98,0
Samedi,14-01-2023,15:20,1021.44,0
Lundi,16-01-2023,9:30,652.82,0
Lundi,16-01-2023,13:00,611.71,0
Mardi,17-01-2023,7:50,454.56,0
Mardi,17-01-2023,14:20,384.48,0
Mercredi,18-01-2023,8:15,215.24,0
Mercredi,18-01-2023,16:40,890.88,800
Jeudi,19-01-2023,7:48,741.42,0
Jeudi,19-01-2023,17:45,603.17,0
Vendredi,20-01-2023,8:05,447.24,0
Vendredi,20-01-2023,16:35,1126.82,800
Samedi,21-01-2023,8:30,946.44,0
Samedi,21-01-2023,13:23,878.33,0
Lundi,23-01-2023,8:30,428.11,0
Lundi,23-01-2023,16:25,300.13,0
Mardi,24-01-2023,9:00,293.63,0
Mercredi,25-01-2023,7:50,30.75,0
Mercredi,25-01-2023,11:10,805.25,800
Mercredi,25-01-2023,16:15,723.25,0
Jeudi,26-01-2023,9:45,544.42,0
Jeudi,26-01-2023,16:40,440.71,0
Vendredi,27-01-2023,8:50,266.35,0
Vendredi,27-01-2023,13:00,207.53,0
Vendredi,27-01-2023,16:15,154.5,0
Samedi,28-01-2023,11:40,801.6,800
Samedi,28-01-2023,15:30,747.57,0
Lundi,30-01-2023,8:30,335.32,0
Lundi,30-01-2023,16:30,211.03,0
Mardi,31-01-2023,10:00,80.01,0
Mardi,31-01-2023,13:45,833.68,800
Mardi,31-01-2023,17:10,790.91,0
Mercredi,01-02-2023,7:59,665.27,0
Mercredi,01-02-2023,18:00,507.83,0
Jeudi,02-02-2023,8:15,367.43,0
Jeudi,02-02-2023,15:57,246.92,0
Vendredi,03-02-2023,7:43,88.9,0
Vendredi,03-02-2023,16:22,801.57,800
Samedi,04-02-2023,7:36,678.93,0
Samedi,04-02-2023,14:00,598.38,0
Lundi,06-02-2023,8:42,288.81,0
Lundi,06-02-2023,17:35,93.58,0
Mardi,07-02-2023,14:50,801.06,800
Mardi,07-02-2023,17:20,766.15,0
Mercredi,08-02-2023,8:10,611.47,0